Title,Price,Availability,Stock,Rating
A Light in the Attic,£51.77,In stock,,Three
Tipping the Velvet,£53.74,In stock,,One
Soumission,£50.10,In stock,,One
Sharp Objects,£47.82,In stock,,Four
Sapiens: A Brief History of Humankind,£54.23,In stock,,Five
The Requiem Red,£22.65,In stock,,One
The Dirty Little Secrets of Getting Your Dream Job,£33.34,In stock,,Four
"The Coming Woman: A Novel Based on the Life of the Infamous Feminist, Victoria Woodhull",£17.93,In stock,,Three
The Boys in the Boat: Nine Americans and Their Epic Quest for Gold at the 1936 Berlin Olympics,£22.60,In stock,,Four
The Black Maria,£52.15,In stock,,One
"Starving Hearts (Triangular Trade Trilogy, #1)",£13.99,In stock,,Two
Shakespeare's Sonnets,£20.66,In stock,,Four
Set Me Free,£17.46,In stock,,Five
Scott Pilgrim's Precious Little Life (Scott Pilgrim #1),£52.29,In stock,,Five
Rip it Up and Start Again,£35.02,In stock,,Five
"Our Band Could Be Your Life: Scenes from the American Indie Underground, 1981-1991",£57.25,In stock,,Three
Olio,£23.88,In stock,,One
Mesaerion: The Best Science Fiction Stories 1800-1849,£37.59,In stock,,One
Libertarianism for Beginners,£51.33,In stock,,Two
It's Only the Himalayas,£45.17,In stock,,Two
In Her Wake,£12.84,In stock,,One
How Music Works,£37.32,In stock,,Two
"Foolproof Preserving: A Guide to Small Batch Jams, Jellies, Pickles, Condiments, and More: A Foolproof Guide to Making Small Batch Jams, Jellies, Pickles, Condiments, and More",£30.52,In stock,,Three
Chase Me (Paris Nights #2),£25.27,In stock,,Five
Black Dust,£34.53,In stock,,Five
Birdsong: A Story in Pictures,£54.64,In stock,,Three
America's Cradle of Quarterbacks: Western Pennsylvania's Football Factory from Johnny Unitas to Joe Montana,£22.50,In stock,,Three
Aladdin and His Wonderful Lamp,£53.13,In stock,,Three
Worlds Elsewhere: Journeys Around Shakespeare’s Globe,£40.30,In stock,,Five
Wall and Piece,£44.18,In stock,,Four
The Four Agreements: A Practical Guide to Personal Freedom,£17.66,In stock,,Five
The Five Love Languages: How to Express Heartfelt Commitment to Your Mate,£31.05,In stock,,Three
The Elephant Tree,£23.82,In stock,,Five
The Bear and the Piano,£36.89,In stock,,One
Sophie's World,£15.94,In stock,,Five
Penny Maybe,£33.29,In stock,,Three
Maude (1883-1993):She Grew Up with the country,£18.02,In stock,,Two
"In a Dark, Dark Wood",£19.63,In stock,,One
Behind Closed Doors,£52.22,In stock,,Four
You can't bury them all: Poems,£33.63,In stock,,Two
Slow States of Collapse: Poems,£57.31,In stock,,Three
Reasons to Stay Alive,£26.41,In stock,,Two
Private Paris (Private #10),£47.61,In stock,,Five
#HigherSelfie: Wake Up Your Life. Free Your Soul. Find Your Tribe.,£23.11,In stock,,Five
Without Borders (Wanderlove #1),£45.07,In stock,,Two
When We Collided,£31.77,In stock,,One
"We Love You, Charlie Freeman",£50.27,In stock,,Five
Untitled Collection: Sabbath Poems 2014,£14.27,In stock,,Four
"Unseen City: The Majesty of Pigeons, the Discreet Charm of Snails & Other Wonders of the Urban Wilderness",£44.18,In stock,,Four
Unicorn Tracks,£18.78,In stock,,Three
"Unbound: How Eight Technologies Made Us Human, Transformed Society, and Brought Our World to the Brink",£25.52,In stock,,One
Tsubasa: WoRLD CHRoNiCLE 2 (Tsubasa WoRLD CHRoNiCLE #2),£16.28,In stock,,One
Throwing Rocks at the Google Bus: How Growth Became the Enemy of Prosperity,£31.12,In stock,,Three
This One Summer,£19.49,In stock,,Four
Thirst,£17.27,In stock,,Five
The Torch Is Passed: A Harding Family Story,£19.09,In stock,,One
The Secret of Dreadwillow Carse,£56.13,In stock,,One
"The Pioneer Woman Cooks: Dinnertime: Comfort Classics, Freezer Food, 16-Minute Meals, and Other Delicious Ways to Solve Supper!",£56.41,In stock,,One
The Past Never Ends,£56.50,In stock,,Four
The Natural History of Us (The Fine Art of Pretending #2),£45.22,In stock,,Three
The Nameless City (The Nameless City #1),£38.16,In stock,,Four
The Murder That Never Was (Forensic Instincts #5),£54.11,In stock,,Three
The Most Perfect Thing: Inside (and Outside) a Bird's Egg,£42.96,In stock,,Four
"The Mindfulness and Acceptance Workbook for Anxiety: A Guide to Breaking Free from Anxiety, Phobias, and Worry Using Acceptance and Commitment Therapy",£23.89,In stock,,Four
The Life-Changing Magic of Tidying Up: The Japanese Art of Decluttering and Organizing,£16.77,In stock,,Three
"The Inefficiency Assassin: Time Management Tactics for Working Smarter, Not Longer",£20.59,In stock,,Five
The Gutsy Girl: Escapades for Your Life of Epic Adventure,£37.13,In stock,,One
The Electric Pencil: Drawings from Inside State Hospital No. 3,£56.06,In stock,,One
The Death of Humanity: and the Case for Life,£58.11,In stock,,Four
"The Bulletproof Diet: Lose up to a Pound a Day, Reclaim Energy and Focus, Upgrade Your Life",£49.05,In stock,,Three
The Art Forger,£40.76,In stock,,Three
The Age of Genius: The Seventeenth Century and the Birth of the Modern Mind,£19.73,In stock,,One
The Activist's Tao Te Ching: Ancient Advice for a Modern Revolution,£32.24,In stock,,Five
Spark Joy: An Illustrated Master Class on the Art of Organizing and Tidying Up,£41.83,In stock,,Four
Soul Reader,£39.58,In stock,,Two
Security,£39.25,In stock,,Two
"Saga, Volume 6 (Saga (Collected Editions) #6)",£25.02,In stock,,Three
"Saga, Volume 5 (Saga (Collected Editions) #5)",£51.04,In stock,,Two
Reskilling America: Learning to Labor in the Twenty-First Century,£19.83,In stock,,Two
"Rat Queens, Vol. 3: Demons (Rat Queens (Collected Editions) #11-15)",£50.40,In stock,,Three
"Princess Jellyfish 2-in-1 Omnibus, Vol. 01 (Princess Jellyfish 2-in-1 Omnibus #1)",£13.61,In stock,,Five
Princess Between Worlds (Wide-Awake Princess #5),£13.34,In stock,,Five
"Pop Gun War, Volume 1: Gift",£18.97,In stock,,One
"Political Suicide: Missteps, Peccadilloes, Bad Calls, Backroom Hijinx, Sordid Pasts, Rotten Breaks, and Just Plain Dumb Mistakes in the Annals of American Politics",£36.28,In stock,,Two
Patience,£10.16,In stock,,Three
"Outcast, Vol. 1: A Darkness Surrounds Him (Outcast #1)",£15.44,In stock,,Four
orange: The Complete Collection 1 (orange: The Complete Collection #1),£48.41,In stock,,One
Online Marketing for Busy Authors: A Step-By-Step Guide,£46.35,In stock,,One
On a Midnight Clear,£14.07,In stock,,Three
Obsidian (Lux #1),£14.86,In stock,,Two
My Paris Kitchen: Recipes and Stories,£33.37,In stock,,Two
Masks and Shadows,£56.40,In stock,,Two
"Mama Tried: Traditional Italian Cooking for the Screwed, Crude, Vegan, and Tattooed",£14.02,In stock,,Four
"Lumberjanes, Vol. 2: Friendship to the Max (Lumberjanes #5-8)",£46.91,In stock,,Two
"Lumberjanes, Vol. 1: Beware the Kitten Holy (Lumberjanes #1-4)",£45.61,In stock,,Three
Lumberjanes Vol. 3: A Terrible Plan (Lumberjanes #9-12),£19.92,In stock,,Two
"Layered: Baking, Building, and Styling Spectacular Cakes",£40.11,In stock,,One
Judo: Seven Steps to Black Belt (an Introductory Guide for Beginners),£53.90,In stock,,Two
Join,£35.67,In stock,,Five
In the Country We Love: My Family Divided,£22.00,In stock,,Four
Immunity: How Elie Metchnikoff Changed the Course of Modern Medicine,£57.36,In stock,,Five
"I Hate Fairyland, Vol. 1: Madly Ever After (I Hate Fairyland (Compilations) #1-5)",£29.17,In stock,,Two
I am a Hero Omnibus Volume 1,£54.63,In stock,,Three
How to Be Miserable: 40 Strategies You Already Use,£46.03,In stock,,One
Her Backup Boyfriend (The Sorensen Family #1),£33.97,In stock,,One
"Giant Days, Vol. 2 (Giant Days #5-8)",£22.11,In stock,,Two
Forever and Forever: The Courtship of Henry Longfellow and Fanny Appleton,£29.69,In stock,,Three
First and First (Five Boroughs #3),£15.97,In stock,,Four
Fifty Shades Darker (Fifty Shades #2),£21.96,In stock,,One
Everydata: The Misinformation Hidden in the Little Data You Consume Every Day,£54.35,In stock,,Two
"Don't Be a Jerk: And Other Practical Advice from Dogen, Japan's Greatest Zen Master",£37.97,In stock,,Two
Danganronpa Volume 1,£51.99,In stock,,Four
Crown of Midnight (Throne of Glass #2),£43.29,In stock,,Three
"Codename Baboushka, Volume 1: The Conclave of Death",£36.72,In stock,,Four
Camp Midnight,£17.08,In stock,,Four
Call the Nurse: True Stories of a Country Nurse on a Scottish Isle,£29.14,In stock,,Five
Burning,£28.81,In stock,,Three
Bossypants,£49.46,In stock,,Two
"Bitch Planet, Vol. 1: Extraordinary Machine (Bitch Planet (Collected Editions))",£37.92,In stock,,Two
"Avatar: The Last Airbender: Smoke and Shadow, Part 3 (Smoke and Shadow #3)",£28.09,In stock,,Two
Algorithms to Live By: The Computer Science of Human Decisions,£30.81,In stock,,One
A World of Flavor: Your Gluten Free Passport,£42.95,In stock,,One
"A Piece of Sky, a Grain of Rice: A Memoir in Four Meditations",£56.76,In stock,,Five
A Murder in Time,£16.64,In stock,,One
A Flight of Arrows (The Pathfinders #2),£55.53,In stock,,Five
A Fierce and Subtle Poison,£28.13,In stock,,Four
A Court of Thorns and Roses (A Court of Thorns and Roses #1),£52.37,In stock,,One
(Un)Qualified: How God Uses Broken People to Do Big Things,£54.00,In stock,,Five
You Are What You Love: The Spiritual Power of Habit,£21.87,In stock,,Four
"William Shakespeare's Star Wars: Verily, A New Hope (William Shakespeare's Star Wars #4)",£43.30,In stock,,Four
Tuesday Nights in 1980,£21.04,In stock,,Two
Tracing Numbers on a Train,£41.60,In stock,,Three
Throne of Glass (Throne of Glass #1),£35.07,In stock,,Three
Thomas Jefferson and the Tripoli Pirates: The Forgotten War That Changed American History,£59.64,In stock,,One
Thirteen Reasons Why,£52.72,In stock,,One
The White Cat and the Monk: A Retelling of the Poem “Pangur Bán”,£58.08,In stock,,Four
The Wedding Dress,£24.12,In stock,,One
The Vacationers,£42.15,In stock,,Four
The Third Wave: An Entrepreneur’s Vision of the Future,£12.61,In stock,,Five
The Stranger,£17.44,In stock,,Four
The Shadow Hero (The Shadow Hero),£33.14,In stock,,One
The Secret (The Secret #1),£27.37,In stock,,Four
The Regional Office Is Under Attack!,£51.36,In stock,,Five
The Psychopath Test: A Journey Through the Madness Industry,£36.00,In stock,,Two
The Project,£10.65,In stock,,One
The Power of Now: A Guide to Spiritual Enlightenment,£43.54,In stock,,Two
The Omnivore's Dilemma: A Natural History of Four Meals,£38.21,In stock,,Two
The Nerdy Nummies Cookbook: Sweet Treats for the Geek in All of Us,£37.34,In stock,,Five
The Murder of Roger Ackroyd (Hercule Poirot #4),£44.10,In stock,,Four
The Mistake (Off-Campus #2),£43.29,In stock,,Three
The Matchmaker's Playbook (Wingmen Inc. #1),£55.85,In stock,,One
The Love and Lemons Cookbook: An Apple-to-Zucchini Celebration of Impromptu Cooking,£37.60,In stock,,Two
The Long Shadow of Small Ghosts: Murder and Memory in an American City,£10.97,In stock,,One
The Kite Runner,£41.82,In stock,,Four
The House by the Lake,£36.95,In stock,,One
The Glittering Court (The Glittering Court #1),£44.28,In stock,,One
The Girl on the Train,£55.02,In stock,,Two
The Genius of Birds,£17.24,In stock,,One
The Emerald Mystery,£23.15,In stock,,Two
The Cookies & Cups Cookbook: 125+ sweet & savory recipes reminding you to Always Eat Dessert First,£41.25,In stock,,One
The Bridge to Consciousness: I'm Writing the Bridge Between Science and Our Old and New Beliefs.,£32.00,In stock,,Three
The Artist's Way: A Spiritual Path to Higher Creativity,£38.49,In stock,,Five
The Art of War,£33.34,In stock,,Five
The Argonauts,£10.93,In stock,,Two
The 10% Entrepreneur: Live Your Startup Dream Without Quitting Your Day Job,£27.55,In stock,,Three
Suddenly in Love (Lake Haven #1),£55.99,In stock,,Two
Something More Than This,£16.24,In stock,,Four
Soft Apocalypse,£26.12,In stock,,Two
So You've Been Publicly Shamed,£12.23,In stock,,Two
Shoe Dog: A Memoir by the Creator of NIKE,£23.99,In stock,,Two
"Shobu Samurai, Project Aryoku (#3)",£29.06,In stock,,Three
Secrets and Lace (Fatal Hearts #1),£20.27,In stock,,One
Scarlett Epstein Hates It Here,£43.55,In stock,,Five
Romero and Juliet: A Tragic Tale of Love and Zombies,£36.94,In stock,,One
Redeeming Love,£20.47,In stock,,Five
Poses for Artists Volume 1 - Dynamic and Sitting Poses: An Essential Reference for Figure Drawing and the Human Form,£41.06,In stock,,One
Poems That Make Grown Women Cry,£14.19,In stock,,Four
"Nightingale, Sing",£38.28,In stock,,One
Night Sky with Exit Wounds,£41.05,In stock,,One
Mrs. Houdini,£30.25,In stock,,Five
Modern Romance,£28.26,In stock,,Five
Miss Peregrine’s Home for Peculiar Children (Miss Peregrine’s Peculiar Children #1),£10.76,In stock,,One
Louisa: The Extraordinary Life of Mrs. Adams,£16.85,In stock,,Two
Little Red,£13.47,In stock,,Three
Library of Souls (Miss Peregrine’s Peculiar Children #3),£48.56,In stock,,Five
Large Print Heart of the Pride,£19.15,In stock,,Two
I Had a Nice Time And Other Lies...: How to find love & sh*t like that,£57.36,In stock,,Four
Hollow City (Miss Peregrine’s Peculiar Children #2),£42.98,In stock,,One
Grumbles,£22.16,In stock,,Two
Full Moon over Noah’s Ark: An Odyssey to Mount Ararat and Beyond,£49.43,In stock,,Four
Frostbite (Vampire Academy #2),£29.99,In stock,,Five
Follow You Home,£21.36,In stock,,One
First Steps for New Christians (Print Edition),£29.00,In stock,,One
Finders Keepers (Bill Hodges Trilogy #2),£53.53,In stock,,Five
"Fables, Vol. 1: Legends in Exile (Fables #1)",£41.62,In stock,,Four
Eureka Trivia 6.0,£54.59,In stock,,Four
Drive: The Surprising Truth About What Motivates Us,£34.95,In stock,,Four
Done Rubbed Out (Reightman & Bailey #1),£37.72,In stock,,Five
Doing It Over (Most Likely To #1),£35.61,In stock,,Three
"Deliciously Ella Every Day: Quick and Easy Recipes for Gluten-Free Snacks, Packed Lunches, and Simple Meals",£42.16,In stock,,Three
